email,titre,source_url,source
evenements@portesdusoleil.com,FESTIVAL ROCK THE PISTES 2026,https://www.valais.ch/fr/evenements/festival-rock-the-pistes-2026,Valais Tourisme
grimentz@anniviers.ch,Rando'clette,https://www.valais.ch/fr/evenements/rando-clette,Valais Tourisme
info@maxi-rires.ch,Maxi-Rires Festival,https://www.valais.ch/fr/evenements/maxi-rires-festival,Valais Tourisme
info@promochamoson.ch,Fête de la Taille à Chamoson,https://www.valais.ch/fr/evenements/fete-de-la-taille-a-chamoson,Valais Tourisme
info@zermatt-unplugged.ch,Zermatt Unplugged 2026,https://www.valais.ch/fr/evenements/zermatt-unplugged-2026,Valais Tourisme
stadtpolizei@brig-glis.ch,Marché de Pâques,https://www.valais.ch/fr/evenements/marche-de-paques,Valais Tourisme
vereinsekretariat@salgesch.ch,Printemps du vin,https://www.valais.ch/fr/evenements/printemps-du-vin,Valais Tourisme
info@saillontourisme.ch,Fête de l'asperge 2026,https://www.valais.ch/fr/evenements/fete-de-l-asperge-2026,Valais Tourisme
info@jardin-des-vins.ch,Jardin des vins,https://www.valais.ch/fr/evenements/jardin-des-vins,Valais Tourisme
info@swisswinevalais.ch,Les caves ouvertes du Valais,https://www.valais.ch/fr/evenements/les-caves-ouvertes-du-valais-celebrent-leur-20e-edition,Valais Tourisme
info@rd-cycling.com,Marathon des Terroirs du Valais,https://www.valais.ch/fr/evenements/marathon-des-terroirs-du-valais-bcvs-2026,Valais Tourisme
fondation@auborddeleau.ch,Festival Week-end au bord de l'eau,https://www.valais.ch/fr/evenements/19-festival-week-end-au-bord-de-l-eau,Valais Tourisme
info@literaturfestival.ch,Festival int. de littérature,https://www.valais.ch/fr/evenements/festival-int-de-litterature,Valais Tourisme
info@5continents.ch,Festival Les 5 Continents,https://www.valais.ch/fr/evenements/festival-les-5-continents,Valais Tourisme
evenements@portesdusoleil.com,PASS'PORTES 2026,https://www.valais.ch/fr/evenements/pass-portes-2026,Valais Tourisme
info@aletsch-halbmarathon.ch,Aletsch Halbmarathon,https://www.valais.ch/fr/evenements/aletsch-halbmarathon-weekend,Valais Tourisme
info@verbierfestival.com,Verbier Festival,https://www.valais.ch/fr/evenements/verbier-festival,Valais Tourisme
info@livemusic.ch,Sion sous les étoiles,https://www.valais.ch/fr/evenements/sion-sous-les-etoiles,Valais Tourisme
bike@aletscharena.ch,UCI Mountainbike Enduro Weltcup,https://www.valais.ch/fr/evenements/uci-mountainbike-enduro-weltcup,Valais Tourisme
valaissportorganisation@gmail.com,Cyclosportive & Running du Valais,https://www.valais.ch/fr/evenements/cyclosportive-running-du-valais,Valais Tourisme
arnaud.favre@riddes.ch,Aliose chante Le Forestier,https://agenda.culturevalais.ch/fr/event/show/39001,Culture Valais
infaillible@la-potagere.ch,Big Big Horse Party : Nerami + The Revox + King Automatic,https://agenda.culturevalais.ch/fr/event/show/41725,Culture Valais
info@culturevalais.ch,Double D – Live au Pink,https://agenda.culturevalais.ch/fr/event/show/41999,Culture Valais
info@culturevalais.ch,GAIA  - Poussière d’Etoiles - Création,https://agenda.culturevalais.ch/fr/event/show/40796,Culture Valais
info@culturevalais.ch,Joséphine Thurre,https://agenda.culturevalais.ch/fr/event/show/41458,Culture Valais
info@culturevalais.ch,La Mandragore,https://agenda.culturevalais.ch/fr/event/show/41555,Culture Valais
info@culturevalais.ch,Marcel Baillifard,https://agenda.culturevalais.ch/fr/event/show/41791,Culture Valais
info@zeughauskultur.ch,Monopoly,https://agenda.culturevalais.ch/fr/event/show/38587,Culture Valais
info@culturevalais.ch,La mort; on en parle ?,https://agenda.culturevalais.ch/fr/event/show/41835,Culture Valais
info@culturevalais.ch,Prix RTS Littérature Ados 2026,https://agenda.culturevalais.ch/fr/event/show/39523,Culture Valais
info@gianadda.ch,Saison musicale 25/26,https://agenda.culturevalais.ch/fr/event/show/38842,Culture Valais
info@gianadda.ch,De Manet,https://agenda.culturevalais.ch/fr/event/show/41813,Culture Valais
info@culturevalais.ch,Dépêche-toi Bibiche; on va rater l’avion,https://agenda.culturevalais.ch/fr/event/show/41815,Culture Valais
info@culturevalais.ch,Visite commentée publique,https://agenda.culturevalais.ch/fr/event/show/41650,Culture Valais
sc-museescantonaux@admin.vs.ch,En février « J’peux pas; j’ai musée ! » : la visite guidée,https://agenda.culturevalais.ch/fr/event/show/41481,Culture Valais
sc-museescantonaux@admin.vs.ch,En février « J’peux pas; j’ai musée ! » : l'atelier tout public,https://agenda.culturevalais.ch/fr/event/show/41480,Culture Valais
sc-museescantonaux@admin.vs.ch,En février « J’peux pas; j’ai musée ! » : un dimanche à la Basilique,https://agenda.culturevalais.ch/fr/event/show/41482,Culture Valais
info@culturevalais.ch,Les variations musicales,https://agenda.culturevalais.ch/fr/event/show/41991,Culture Valais
info@culturevalais.ch,Fleur Dièse,https://agenda.culturevalais.ch/fr/event/show/41454,Culture Valais
info@nvrm.ch,Les Folies de Tortin,https://www.nendaz.ch/fr/P89194/les-folies-de-tortin,Nendaz Tourisme
grandprix@swiss-ski.ch,Grand Prix Migros,https://www.nendaz.ch/fr/P76646/grand-prix-migros,Nendaz Tourisme
anita@zigzago.ch,Raquettes et raclette,https://www.nendaz.ch/fr/P76638/raquettes-et-raclette,Nendaz Tourisme
info@nvrm.ch,Ski de randonnée nocturne,https://www.nendaz.ch/fr/P91045/ski-de-randonnee-nocturne,Nendaz Tourisme
info@nvrm.ch,Full Moon Party Nendaz,https://www.nendaz.ch/fr/P77039/full-moon-party,Nendaz Tourisme
89info@nendaz.chR,Stage initiation cor des Alpes,https://www.nendaz.ch/fr/P76804/stage-d-initiation-au-cor-des-alpes,Nendaz Tourisme
cindy@nendazfreeride.ch,Girls Powder,https://www.nendaz.ch/fr/P153906/girls-powder,Nendaz Tourisme
89info@nendaz.chContactInformations,Pâques en folie à Nendaz,https://www.nendaz.ch/fr/P76852/paques-en-folie-a-nendaz,Nendaz Tourisme
info@cultureontour.ch,Spectacle Les Prototypes de Geppetto,https://www.nendaz.ch/fr/P205437/spectacle-les-prototypes-de-geppetto,Nendaz Tourisme
info@cultureontour.ch,Conférence Nos fourmis,https://www.nendaz.ch/fr/P205439/conference-nos-fourmis,Nendaz Tourisme
info@cultureontour.ch,Spectacle Les 4 sans voix,https://www.nendaz.ch/fr/P205441/spectacle-les-4-sans-voix-y-vont-franco,Nendaz Tourisme
anita@zigzago.ch,Atelier planification de randonnée,https://www.nendaz.ch/fr/P207747/atelier-planification-de-randonnee,Nendaz Tourisme
89info@nendaz.chR,Le réveil des marmottes,https://www.nendaz.ch/fr/P77895/le-reveil-des-marmottes,Nendaz Tourisme
melanie@nindart.ch,Leur chant d'automne,https://www.nendaz.ch/fr/P209240/leur-chant-d-automne,Nendaz Tourisme
89info@nendaz.chR,Visite guidée vieux village,https://www.nendaz.ch/fr/P91530/visite-guidee-du-vieux-village,Nendaz Tourisme
89info@nendaz.chR,Visite du barrage de Cleuson,https://www.nendaz.ch/fr/P76717/visite-du-barrage-de-cleuson,Nendaz Tourisme
89info@nendaz.chContactInformations,Clean-Up Tour Siviez,https://www.nendaz.ch/fr/P78551/clean-up-tour-siviez,Nendaz Tourisme
89info@nendaz.chR,Nuit de la randonnée,https://www.nendaz.ch/fr/P76546/nuit-de-la-randonnee,Nendaz Tourisme
89info@nendaz.chR,Venez jouer du cor des Alpes,https://www.nendaz.ch/fr/P91531/venez-jouer-du-cor-des-alpes,Nendaz Tourisme
89info@nendaz.chR,La vie sur l'alpage,https://www.nendaz.ch/fr/P76666/la-vie-sur-l-alpage,Nendaz Tourisme
89info@nendaz.chR,Raclette à l'étable,https://www.nendaz.ch/fr/P108575/raclette-a-l-etable,Nendaz Tourisme
89info@nendaz.chR,La vie à l'étable,https://www.nendaz.ch/fr/P108354/la-vie-a-l-etable,Nendaz Tourisme
centresportif@nendaz.org,Ice disco Nendaz,https://www.nendaz.ch/fr/P91048/ice-disco,Nendaz Tourisme
22info@arcenciel-siviez.chR,Descente aux flambeaux Siviez,https://www.nendaz.ch/fr/P76645/descente-aux-flambeaux,Nendaz Tourisme
hello@hedonistica.ch,Atelier Boissons fermentées,https://infomaniak.events/fr-ch/loisirs/30042026-atelier-du-terroir-apprenez-a-creer-vos-propres-boissons-fermentees-avec-melanie-vouillamoz-et-johanna-dayer/9e5e965f-2824-4682-b41e-2744613db5da/event/1573217,Infomaniak Events
info@crans-montana.ch,Am Stram Gram Festival Crans-Montana,https://www.crans-montana.ch/en/?idcmt=Partenaire_Event_5bebb618909c05205ddf983c94cc1c46,Crans-Montana Tourisme
info@omegaeuropeanmasters.com,Omega European Masters Golf,https://www.crans-montana.ch/en/?idcmt=Partenaire_Event_1e7b23404967470b6fa1d1ce2011ae10,Crans-Montana Tourisme
wildstrubel@service.utmb.world,Wildstrubel by UTMB,https://www.crans-montana.ch/en/?idcmt=Partenaire_Event_2b53c00f4f0b62e354fd3501039202d2,Crans-Montana Tourisme
info@zermatt.swiss,Zermatt Unplugged 2026,https://zermatt.swiss/en/discover-experience/events/top-events,Zermatt Tourisme
lorenz@festify.ch,Floating Sculptures AR Trail Zermatt,https://zermatt.swiss/en/p/zermatts-floating-sculptures-switzerlands-first-augmented-reality-trail-01tVj00000DaFQtIAN,Zermatt Tourisme
info@schonegg.ch,Fondue Gondola Experience Zermatt,https://zermatt.swiss/en/p/fondue-gondola-experience-01tVj00000E0lDNIAZ,Zermatt Tourisme
info@zermatt.swiss,Good Morning Yoga Flow Zermatt,https://zermatt.swiss/en/p/good-morming-flow-01tVj00000EL2d8IAD,Zermatt Tourisme
info@zermatt.swiss,Guided Village Tour Zermatt,https://zermatt.swiss/en/p/guided-village-tour-with-a-tasting-english-01tVj000005F39CIAS,Zermatt Tourisme
info@ovronnaz.ch,Randonnaz le village disparu,https://www.ovronnaz.ch/en/agenda/#randonnaz-le-village-disparu-2026-03-05,Ovronnaz Tourisme
info@ovronnaz.ch,Nouvelliste en piste,https://www.ovronnaz.ch/en/agenda/#nouvelliste-en-piste-2026-03-07,Ovronnaz Tourisme
info@ovronnaz.ch,L'art d'associer vins et fromages,https://www.ovronnaz.ch/en/agenda/#l-art-d-associer-vins-et-fromages-2026-03-12,Ovronnaz Tourisme
info@ovronnaz.ch,La Clandestina - Course telemark,https://www.ovronnaz.ch/en/agenda/#la-clandestina-course-telemark-2026-03-14,Ovronnaz Tourisme
info@ovronnaz.ch,Ski-test Stöckli,https://www.ovronnaz.ch/en/agenda/#ski-test-st-ckli-2026-03-21,Ovronnaz Tourisme
info@ovronnaz.ch,Live Music Will Funk à La Pension,https://www.ovronnaz.ch/en/agenda/#live-music-will-funk-la-pension-2026-03-21,Ovronnaz Tourisme
info@ovronnaz.ch,Derby d'Ovronnaz,https://www.ovronnaz.ch/en/agenda/#derby-d-ovronnaz-2026-03-28,Ovronnaz Tourisme
info@ovronnaz.ch,Balade gourmande d'hiver,https://www.ovronnaz.ch/en/agenda/#balade-gourmande-d-hiver-2026-03-28,Ovronnaz Tourisme
info@ovronnaz.ch,Carnaval d'Ovronnaz,https://www.ovronnaz.ch/en/agenda/#carnaval-d-ovronnaz-2026-03-17,Ovronnaz Tourisme
info@ovronnaz.ch,Yoga sous la neige Ovronnaz,https://www.ovronnaz.ch/en/agenda/#yoga-sous-la-neige-ovronnaz-2026-03-04,Ovronnaz Tourisme
info@ovronnaz.ch,Initiation Freestyle Ovronnaz,https://www.ovronnaz.ch/en/agenda/#initiation-freestyle-ovronnaz-2026-03-04,Ovronnaz Tourisme
info@ovronnaz.ch,Balade en raquettes Ovronnaz,https://www.ovronnaz.ch/en/agenda/#balade-en-raquettes-ovronnaz-2026-03-04,Ovronnaz Tourisme
info@ovronnaz.ch,Atelier Poterie Ovronnaz,https://www.ovronnaz.ch/en/agenda/#atelier-poterie-ovronnaz-2026-03-05,Ovronnaz Tourisme
info@ovronnaz.ch,Descente aux flambeaux Ovronnaz,https://www.ovronnaz.ch/en/agenda/#descente-aux-flambeaux-ovronnaz-2026-03-05,Ovronnaz Tourisme
info@ovronnaz.ch,Soirée raclette à la Pension Ovronnaz,https://www.ovronnaz.ch/en/agenda/#soir-e-raclette-la-pension-ovronnaz-2026-03-06,Ovronnaz Tourisme
info@ovronnaz.ch,Tournoi de Jass Ovronnaz,https://www.ovronnaz.ch/en/agenda/#tournoi-de-jass-ovronnaz-2026-03-20,Ovronnaz Tourisme
info@ovronnaz.ch,Contes et Compagnie Ovronnaz,https://www.ovronnaz.ch/en/agenda/#contes-et-compagnie-ovronnaz-2026-03-03,Ovronnaz Tourisme
info@ovronnaz.ch,Humagne en Piste Ovronnaz,https://www.ovronnaz.ch/en/agenda/#humagne-en-piste-ovronnaz-2026-03-28,Ovronnaz Tourisme
info@ovronnaz.ch,Bliblablo NordixTrophy Ovronnaz,https://www.ovronnaz.ch/en/agenda/#bliblablo-nordixtrophy-ovronnaz-2026-03-21,Ovronnaz Tourisme
info@ovronnaz.ch,Conférence et dédicaces Ovronnaz,https://www.ovronnaz.ch/en/agenda/#conf-rence-et-d-dicaces-ovronnaz-2026-03-18,Ovronnaz Tourisme
info@ovronnaz.ch,Course Orientation raquettes,https://www.ovronnaz.ch/en/agenda/#course-orientation-raquettes-2026-03-13,Ovronnaz Tourisme
info@ovronnaz.ch,Sortie nature à Loutze,https://www.ovronnaz.ch/en/agenda/#sortie-nature-loutze-2026-03-05,Ovronnaz Tourisme
billetterie@contheyshow.ch,Attache ta tuque ! Le Québec à Conthey,https://www.tempslibre.ch/valais/manifestations/445516-attache-ta-tuque-le-qu-bec-d-barque-conthey,TempsLibre.ch
info@promochamoson.ch,Fête nationale Bal 1er août Chamoson,https://www.tempslibre.ch/valais/manifestations/443097-f-te-nationale-bal-du-1er-ao-t,TempsLibre.ch
info@village-du-livre.ch,33e Fête du Livre St-Pierre-de-Clages,https://www.tempslibre.ch/valais/manifestations/442770-33e-f-te-du-livre-de-st-pierre-de-clages,TempsLibre.ch
info@champeryfilmfestival.ch,Champéry Film Festival,https://www.tempslibre.ch/valais/festivals/430485-champ-ry-film-festival,TempsLibre.ch
info@theatreneuf.ch,Les brumes de Manchester Monthey,https://www.tempslibre.ch/valais/spectacles/447999-th-tre-les-brumes-de-manchester,TempsLibre.ch
